{"cameraMode":{"drawMode":0,"name":"Shaded","section":"Shading Mode"},"sceneLighting":false,"audioPlay":false,"sceneViewState":{"m_AlwaysRefresh":false,"showFog":true,"showSkybox":false,"showFlares":true,"showImageEffects":true,"showParticleSystems":true,"showVisualEffectGraphs":true,"m_FxEnabled":true},"in2DMode":false,"pivot":{"x":922.385009765625,"y":65.17388916015625,"z":1568.9903564453125},"rotation":{"x":0.027284149080514909,"y":-0.04047764465212822,"z":0.0011050165630877019,"w":0.998810350894928},"size":21.814655303955079,"orthographic":false}